file:///s:/Pentaho/LocalFileRepository/BusinessHub/0000_100_100_SF_Account.ktr,MSSQL_RFSDW
file:///s:/Pentaho/LocalFileRepository/BusinessHub/0000_30_00_PDB_LatestEmployeeStatus.ktr,MSSQL_RFSDW
file:///s:/Pentaho/LocalFileRepository/BusinessHub/0000_30_10_PDB_UpdateDelegateRecordAccordingToEmployeeStatusInPDB.ktr,MSSQL_RFSDW
file:///s:/Pentaho/LocalFileRepository/BusinessHub/000_05_00_TruncateErrorLoadingTables.ktr,MSSQL_RFSDW
file:///s:/Pentaho/LocalFileRepository/BusinessHub/000_10_00_CreateMainEmailList.ktr,MSSQL_RFSDW
file:///s:/Pentaho/LocalFileRepository/BusinessHub/000_10_00_CreateMainEmailList_Test.ktr,MSSQL_RFSDW
file:///s:/Pentaho/LocalFileRepository/BusinessHub/000_10_00_ReadParameters.ktr,MSSQL_RFSDW
file:///s:/Pentaho/LocalFileRepository/BusinessHub/030_00_00_UsersAndRoles.ktr,MSSQL_RFSDW
file:///s:/Pentaho/LocalFileRepository/BusinessHub/1000_10_00_BurnRates.ktr,MSSQL_RFSDW
file:///s:/Pentaho/LocalFileRepository/BusinessHub/100_00_00_Identify_Individuals.ktr,MSSQL_RFSDW
file:///s:/Pentaho/LocalFileRepository/BusinessHub/100_00_20_KOK5.ktr,MSSQL_RFSDW
file:///s:/Pentaho/LocalFileRepository/BusinessHub/100_00_25_ZQGMIDC01.ktr,MSSQL_RFSDW
file:///s:/Pentaho/LocalFileRepository/BusinessHub/100_10_00_KOK5.ktr,MSSQL_RFSDW
file:///s:/Pentaho/LocalFileRepository/BusinessHub/100_10_10_Individuals.ktr,MSSQL_RFSDW
file:///s:/Pentaho/LocalFileRepository/BusinessHub/100_20_10_Allocation_Rules_PnL_Institute_OrgCostsToInstitutes.ktr,PSQL_RFSDW
file:///s:/Pentaho/LocalFileRepository/BusinessHub/100_50_00_HR_Salaries.ktr,MSSQL_RFSDW
file:///s:/Pentaho/LocalFileRepository/BusinessHub/105_00_20_GrantMaster_IDC.ktr,MSSQL_RFSDW
file:///s:/Pentaho/LocalFileRepository/BusinessHub/105_10_00_Transfer_GrantMaster.ktr,MSSQL_RFSDW
file:///s:/Pentaho/LocalFileRepository/BusinessHub/105_10_00_Transfer_GrantMasterData.ktr,MSSQL_RFSDW
file:///s:/Pentaho/LocalFileRepository/BusinessHub/105_10_10_Transfer_GrantMasterBudget.ktr,MSSQL_RFSDW
file:///s:/Pentaho/LocalFileRepository/BusinessHub/110_10_00_Transfer_GrantMasterSponsoredClass.ktr,MSSQL_RFSDW
file:///s:/Pentaho/LocalFileRepository/BusinessHub/120_00_00_SponsoredClass_ExportSummaryToExcel.ktr,MSSQL_RFSDW
file:///s:/Pentaho/LocalFileRepository/BusinessHub/120_00_00_SponsoredClass_SummaryReport_RunPerFCC.ktr,MSSQL_RFSDW
file:///s:/Pentaho/LocalFileRepository/BusinessHub/120_10_00_SponsoredClass_SummaryReport.ktr,MSSQL_RFSDW
file:///s:/Pentaho/LocalFileRepository/BusinessHub/2000_100_000_Separate_FCCs_and_GLAccounts.ktr,MSSQL_RFSDW
file:///s:/Pentaho/LocalFileRepository/BusinessHub/2000_100_000_Separate_FCCs_and_GLAccounts_20220201.ktr,MSSQL_RFSDW
file:///s:/Pentaho/LocalFileRepository/BusinessHub/2000_100_000_Separate_FCCs_and_GLAccounts_NEW_From_NewFCCrequest.ktr,MSSQL_RFSDW
file:///s:/Pentaho/LocalFileRepository/BusinessHub/2000_100_000_Separate_FCCs_and_GLAccounts_NewVersion.ktr,MSSQL_RFSDW
file:///s:/Pentaho/LocalFileRepository/BusinessHub/2000_100_000_Separate_FCCs_and_GLAccounts_With_GDB.ktr,MSSQL_RFSDW
file:///s:/Pentaho/LocalFileRepository/BusinessHub/2000_100_000_Separate_FCCs_and_GLAccounts_new_PI_current_institute.ktr,MSSQL_RFSDW
file:///s:/Pentaho/LocalFileRepository/BusinessHub/2000_150_000_FCC_Set_Flags_and_Attributes.ktr,MSSQL_RFSDW
file:///s:/Pentaho/LocalFileRepository/BusinessHub/2000_200_000_Create_JE_FactTable.ktr,MSSQL_RFSDW
file:///s:/Pentaho/LocalFileRepository/BusinessHub/200_00_00_FIX_777_Prefix.ktr,MSSQL_RFSDW
file:///s:/Pentaho/LocalFileRepository/BusinessHub/200_00_00_Upload_JEs_into_SF.ktr,MSSQL_RFSDW
file:///s:/Pentaho/LocalFileRepository/BusinessHub/200_00_00_Upload_JEs_into_SF_20210404.ktr,MSSQL_RFSDW
file:///s:/Pentaho/LocalFileRepository/BusinessHub/200_00_00_Upload_JEs_into_SF_20210926_RFIS.ktr,MSSQL_RFSDW
file:///s:/Pentaho/LocalFileRepository/BusinessHub/200_00_00_Upload_JEs_into_SF_20220115.ktr,MSSQL_RFSDW
file:///s:/Pentaho/LocalFileRepository/BusinessHub/200_00_00_Upload_JEs_into_SF_FCC737999999_Settlements.ktr,MSSQL_RFSDW
file:///s:/Pentaho/LocalFileRepository/BusinessHub/200_00_00_Upload_JEs_into_SF_ForManualUpdateIterations.ktr,MSSQL_RFSDW
file:///s:/Pentaho/LocalFileRepository/BusinessHub/200_00_00_Upload_JEs_into_SF_NEW.ktr,MSSQL_RFSDW
file:///s:/Pentaho/LocalFileRepository/BusinessHub/200_00_00_Upload_JEs_into_SF_NewRulesForTransactionNames.ktr,MSSQL_RFSDW
file:///s:/Pentaho/LocalFileRepository/BusinessHub/200_00_00_Upload_JEs_into_SF_PnL.ktr,MSSQL_RFSDW
file:///s:/Pentaho/LocalFileRepository/BusinessHub/200_00_00_Upload_JEs_into_SF_UpdateTransferDirection.ktr,MSSQL_RFSDW
file:///s:/Pentaho/LocalFileRepository/BusinessHub/200_00_00_Upload_JEs_into_SF__For_One_by_One_FCC.ktr,MSSQL_RFSDW
file:///s:/Pentaho/LocalFileRepository/BusinessHub/200_00_00_Upload_JEs_into_SF__For_One_by_One_FCC_Executor.ktr,MSSQL_RFSDW
file:///s:/Pentaho/LocalFileRepository/BusinessHub/200_00_00_Upload_JEs_into_SF_test.ktr,MSSQL_RFSDW
file:///s:/Pentaho/LocalFileRepository/BusinessHub/200_00_09_Upload_JEs_into_PSQL_Executor.ktr,MSSQL_RFSDW
file:///s:/Pentaho/LocalFileRepository/BusinessHub/200_00_10_Upload_JEs_into_PSQL.ktr,PSQL_BusinessHub
file:///s:/Pentaho/LocalFileRepository/BusinessHub/200_00_10_Upload_JEs_into_PSQL_ManualForTesting.ktr,PSQL_BusinessHub
file:///s:/Pentaho/LocalFileRepository/BusinessHub/200_10_00_Transactions_UpsertLocalCopy.ktr,MSSQL_RFSDW
file:///s:/Pentaho/LocalFileRepository/BusinessHub/200_10_00_Transactions_UpsertLocalCopy_ALL.ktr,MSSQL_RFSDW
file:///s:/Pentaho/LocalFileRepository/BusinessHub/200_10_00_Transactions_UpsertLocalCopy_One_FCC.ktr,MSSQL_RFSDW
file:///s:/Pentaho/LocalFileRepository/BusinessHub/200_10_00_Transactions_UpsertLocalCopy_all_PGSQL.ktr,PSQL_BusinessHub
file:///s:/Pentaho/LocalFileRepository/BusinessHub/200_10_00_Upload_JE_OpeningBalances_into_SF.ktr,PSQL_RFSDW
file:///s:/Pentaho/LocalFileRepository/BusinessHub/200_10_10_Transactions_UpsertLocalCopy_all_PGSQL_compare.ktr,PSQL_BusinessHub
file:///s:/Pentaho/LocalFileRepository/BusinessHub/200_10_10_Transactions_UpsertLocalCopy_all_PGSQL_compare_flipped.ktr,PSQL_BusinessHub
file:///s:/Pentaho/LocalFileRepository/BusinessHub/200_10_20_DeleteRecords.ktr,PSQL_BusinessHub
file:///s:/Pentaho/LocalFileRepository/BusinessHub/200_30_00_PIs.ktr,PSQL_RFSDW
file:///s:/Pentaho/LocalFileRepository/BusinessHub/3000_05_00_SADB_StaffAsContactIntoSF.ktr,MSSQL_RFSDW
file:///s:/Pentaho/LocalFileRepository/BusinessHub/3000_10_00_SADB_AuthorityPerFCC.ktr,MSSQL_RFSDW
file:///s:/Pentaho/LocalFileRepository/BusinessHub/3000_10_00_SADB_Delegates_into_SF.ktr,MSSQL_RFSDW
file:///s:/Pentaho/LocalFileRepository/BusinessHub/3000_20_00_SADB_FullList.ktr,MSSQL_RFSDW
file:///s:/Pentaho/LocalFileRepository/BusinessHub/300_00_00_Upload_GLAccounts_into_SF.ktr,MSSQL_RFSDW
file:///s:/Pentaho/LocalFileRepository/BusinessHub/300_70_00_fact_FCC_Budgets.ktr,MSSQL_RFSDW
file:///s:/Pentaho/LocalFileRepository/BusinessHub/300_70_00_fact_FCC_Budgets_UpsertLocalCopy.ktr,MSSQL_RFSDW
file:///s:/Pentaho/LocalFileRepository/BusinessHub/4000_100_100_CreateNewUsersFromContacts.ktr,MSSQL_RFSDW
file:///s:/Pentaho/LocalFileRepository/BusinessHub/470.ktr,MSSQL_RFSDW
file:///s:/Pentaho/LocalFileRepository/BusinessHub/5000_010_000_Digital_Chargeback_RunPerFCC.ktr,MSSQL_RFSDW
file:///s:/Pentaho/LocalFileRepository/BusinessHub/5000_050_000_Digital_Chargeback_pre_SF.ktr,MSSQL_RFSDW
file:///s:/Pentaho/LocalFileRepository/BusinessHub/5000_050_000_Digital_Chargeback_pre_SF_RunPerFCC.ktr,MSSQL_RFSDW
file:///s:/Pentaho/LocalFileRepository/BusinessHub/5000_050_000_Digital_Chargeback_pre_SF_RunPerFCC_Trigger.ktr,MSSQL_RFSDW
file:///s:/Pentaho/LocalFileRepository/BusinessHub/5000_100_005_Upload_DigitalChargeback_into_SF_OneByOneFCC.ktr,MSSQL_RFSDW
file:///s:/Pentaho/LocalFileRepository/BusinessHub/5000_100_010_Upload_DigitalChargeback_into_SF_RunPerFCC.ktr,MSSQL_RFSDW
file:///s:/Pentaho/LocalFileRepository/BusinessHub/5000_100_100_Upload_DigitalChargeback_into_SF.ktr,MSSQL_RFSDW
file:///s:/Pentaho/LocalFileRepository/BusinessHub/5000_100_100_Upload_DigitalChargeback_into_SF_By_Year_and_Month.ktr,MSSQL_RFSDW
file:///s:/Pentaho/LocalFileRepository/BusinessHub/5000_100_100_Year_Month_Executor.ktr,MSSQL_RFSDW
file:///s:/Pentaho/LocalFileRepository/BusinessHub/5000_200_000_DigitalChargeback_UpsertLocalCopy.ktr,MSSQL_RFSDW
file:///s:/Pentaho/LocalFileRepository/BusinessHub/500_00_00_Upload_Institutes.ktr,MSSQL_RFSDW
file:///s:/Pentaho/LocalFileRepository/BusinessHub/600_09_00_Upload_AllContacts_into_SF_Current_EVSQN_per_ENID.ktr,MSSQL_RFSDW
file:///s:/Pentaho/LocalFileRepository/BusinessHub/600_10_00_Upload_AllContacts_into_SF.ktr,MSSQL_RFSDW
file:///s:/Pentaho/LocalFileRepository/BusinessHub/600_10_00_Upload_AllContacts_into_SF_manual.ktr,MSSQL_RFSDW
file:///s:/Pentaho/LocalFileRepository/BusinessHub/600_10_10_Update_Contacts_in_SF.ktr,MSSQL_RFSDW
file:///s:/Pentaho/LocalFileRepository/BusinessHub/650_00_00_Combine_AD_PDB_BusinessHub.ktr,MSSQL_RFSDW
file:///s:/Pentaho/LocalFileRepository/BusinessHub/650_10_00_Update_Federation_ID.ktr,MSSQL_RFSDW
file:///s:/Pentaho/LocalFileRepository/BusinessHub/6700_00_00_LDAP_Create_MemberOf_List.ktr,MSSQL_RFSDW
file:///s:/Pentaho/LocalFileRepository/BusinessHub/6700_10_00_LDAP_OrgStructurePerEmployee.ktr,MSSQL_RFSDW
file:///s:/Pentaho/LocalFileRepository/BusinessHub/6700_20_00_VIP_OrgStructurePerManager.ktr,MSSQL_RFSDW
file:///s:/Pentaho/LocalFileRepository/BusinessHub/7000_000_000_AccessControl.ktr,MSSQL_RFSDW
file:///s:/Pentaho/LocalFileRepository/BusinessHub/7000_000_000_AccessControl_New.ktr,MSSQL_RFSDW
file:///s:/Pentaho/LocalFileRepository/BusinessHub/7000_100_000_CreateListOfUsers.ktr,MSSQL_RFSDW
file:///s:/Pentaho/LocalFileRepository/BusinessHub/700_00_00_Upload_Sponsors_into_SF.ktr,MSSQL_RFSDW
file:///s:/Pentaho/LocalFileRepository/BusinessHub/700_10_00_Upsert_Sponsors_Locally.ktr,MSSQL_RFSDW
file:///s:/Pentaho/LocalFileRepository/BusinessHub/777607225.ktr,MSSQL_RFSDW
file:///s:/Pentaho/LocalFileRepository/BusinessHub/800_10_00_CreateLatestJobList.ktr,MSSQL_RFSDW
file:///s:/Pentaho/LocalFileRepository/BusinessHub/800_20_00_Create_GTN_MasterList.ktr,MSSQL_RFSDW
file:///s:/Pentaho/LocalFileRepository/BusinessHub/8500_00_00_Salaries_into_SF_CompareTransactionCategory.ktr,MSSQL_RFSDW
file:///s:/Pentaho/LocalFileRepository/BusinessHub/8500_10_00_Salaries_UpsertLocalCopy.ktr,MSSQL_RFSDW
file:///s:/Pentaho/LocalFileRepository/BusinessHub/8500_10_05_Salaries_UpsertLocalCopy_ALL.ktr,MSSQL_RFSDW
file:///s:/Pentaho/LocalFileRepository/BusinessHub/8500_20_00_Salaries_FromViviansFile.ktr,MSSQL_RFSDW
file:///s:/Pentaho/LocalFileRepository/BusinessHub/8500_20_00_Salaries_FromViviansFile_V2.ktr,MSSQL_RFSDW
file:///s:/Pentaho/LocalFileRepository/BusinessHub/8550_05_00_Salaries_into_SF.ktr,MSSQL_RFSDW
file:///s:/Pentaho/LocalFileRepository/BusinessHub/8560_04_05_Salaries_into_SF_OneByOneFCC_Executor.ktr,MSSQL_RFSDW
file:///s:/Pentaho/LocalFileRepository/BusinessHub/8560_05_04_RFIS_Salaries_and_Deductions_OneByOneFCC_Executor.ktr,MSSQL_RFSDW
file:///s:/Pentaho/LocalFileRepository/BusinessHub/8560_05_05_RFIS_Salaries_and_Deductions_OneByOneFCC.ktr,MSSQL_RFSDW
file:///s:/Pentaho/LocalFileRepository/BusinessHub/8560_05_05_Salaries_into_SF_OneByOneFCC.ktr,MSSQL_RFSDW
file:///s:/Pentaho/LocalFileRepository/BusinessHub/8600_00_00_VendorMaster.ktr,MSSQL_RFSDW
file:///s:/Pentaho/LocalFileRepository/BusinessHub/8700_00_00_Delegates_in_RFIS.ktr,MSSQL_RFSDW
file:///s:/Pentaho/LocalFileRepository/BusinessHub/9000_000_000_SF_Users_CreateLocalCopy.ktr,MSSQL_RFSDW
file:///s:/Pentaho/LocalFileRepository/BusinessHub/9000_100_000_SF_Delegates.ktr,MSSQL_RFSDW
file:///s:/Pentaho/LocalFileRepository/BusinessHub/9000_100_000_SF_Delegates_20221031.ktr,MSSQL_RFSDW
file:///s:/Pentaho/LocalFileRepository/BusinessHub/9000_100_000_SF_Delegates_ori.ktr,MSSQL_RFSDW
file:///s:/Pentaho/LocalFileRepository/BusinessHub/9000_100_200_Bridge_FCC_Contacts.ktr,MSSQL_RFSDW
file:///s:/Pentaho/LocalFileRepository/BusinessHub/9000_100_210_AccessControl.ktr,MSSQL_RFSDW
file:///s:/Pentaho/LocalFileRepository/BusinessHub/9000_100_220_AccessControlVerification.ktr,MSSQL_RFSDW
file:///s:/Pentaho/LocalFileRepository/BusinessHub/9000_105_000_SF_Contacts_UpsertLocalCopy.ktr,MSSQL_RFSDW
file:///s:/Pentaho/LocalFileRepository/BusinessHub/9000_105_010_RemoveDeletedContacts.ktr,MSSQL_RFSDW
file:///s:/Pentaho/LocalFileRepository/BusinessHub/9000_110_000_SF_Delegates_UpsertLocalCopy.ktr,MSSQL_RFSDW
file:///s:/Pentaho/LocalFileRepository/BusinessHub/9000_140_000_SetContactActiveAsDelegate_FALSE_11_20.ktr,MSSQL_RFSDW
file:///s:/Pentaho/LocalFileRepository/BusinessHub/9000_140_000_SetContactActiveAsDelegate_FALSE_1_10.ktr,MSSQL_RFSDW
file:///s:/Pentaho/LocalFileRepository/BusinessHub/9000_140_000_SetContactActiveAsDelegate_FALSE_21_50.ktr,MSSQL_RFSDW
file:///s:/Pentaho/LocalFileRepository/BusinessHub/9000_140_000_SetContactActiveAsDelegate_FALSE_51_100.ktr,MSSQL_RFSDW
file:///s:/Pentaho/LocalFileRepository/BusinessHub/9000_140_000_SetContactActiveAsDelegate_FALSE_above_100.ktr,MSSQL_RFSDW
file:///s:/Pentaho/LocalFileRepository/BusinessHub/9000_140_050_SetContactActiveAsDelegate_TRUE_11_20.ktr,MSSQL_RFSDW
file:///s:/Pentaho/LocalFileRepository/BusinessHub/9000_140_050_SetContactActiveAsDelegate_TRUE_1_10.ktr,MSSQL_RFSDW
file:///s:/Pentaho/LocalFileRepository/BusinessHub/9000_140_050_SetContactActiveAsDelegate_TRUE_21_50.ktr,MSSQL_RFSDW
file:///s:/Pentaho/LocalFileRepository/BusinessHub/9000_140_050_SetContactActiveAsDelegate_TRUE_51_100.ktr,MSSQL_RFSDW
file:///s:/Pentaho/LocalFileRepository/BusinessHub/9000_140_050_SetContactActiveAsDelegate_TRUE_above_100.ktr,MSSQL_RFSDW
file:///s:/Pentaho/LocalFileRepository/BusinessHub/9000_140_Toggle_ActiveAsDelegate.kjb,MSSQL_RFSDW
file:///s:/Pentaho/LocalFileRepository/BusinessHub/9000_150_000_SetContactActiveAsDelegate.ktr,MSSQL_RFSDW
file:///s:/Pentaho/LocalFileRepository/BusinessHub/9000_150_100_SetContactActiveAsDelegate_All.ktr,MSSQL_RFSDW
file:///s:/Pentaho/LocalFileRepository/BusinessHub/9000_200_000_SF_FCC_UpsertLocalCopy.ktr,MSSQL_RFSDW
file:///s:/Pentaho/LocalFileRepository/BusinessHub/9000_200_100_FinancialPortfolioAllocation.ktr,MSSQL_RFSDW
file:///s:/Pentaho/LocalFileRepository/BusinessHub/9000_200_100_SF_GL_Account_UpsertLocalCopy.ktr,MSSQL_RFSDW
file:///s:/Pentaho/LocalFileRepository/BusinessHub/9000_300_000_Entity_UpsertLocalCopy.ktr,MSSQL_RFSDW
file:///s:/Pentaho/LocalFileRepository/BusinessHub/9000_400_000_UpsertPcardStatements.ktr,MSSQL_RFSDW
file:///s:/Pentaho/LocalFileRepository/BusinessHub/900_10_00_Upload_GrantBudgetDetails_into_SF__Obsolete_From_GDB.ktr,MSSQL_RFSDW
file:///s:/Pentaho/LocalFileRepository/BusinessHub/900_20_00_Upload_GrantBudgetDetails_UpsertLocalCopy.ktr,MSSQL_RFSDW
file:///s:/Pentaho/LocalFileRepository/BusinessHub/9200_010_000_RFIS_ListOfAllFiles.ktr,MSSQL_RFSDW
file:///s:/Pentaho/LocalFileRepository/BusinessHub/9200_010_050_RFIS_Process_Each_File.ktr,MSSQL_RFSDW
file:///s:/Pentaho/LocalFileRepository/BusinessHub/9300_000_000_SubInstitutesPerContact.ktr,MSSQL_RFSDW
file:///s:/Pentaho/LocalFileRepository/BusinessHub/9900_100_100_BusinessHub_LifetimeUpdate_OneByOne_FCC.ktr,MSSQL_RFSDW
file:///s:/Pentaho/LocalFileRepository/BusinessHub/9900_300_000_FiscalPeriod_CreateMasterList.ktr,MSSQL_RFSDW
file:///s:/Pentaho/LocalFileRepository/BusinessHub/AD_Test.ktr,MSSQL_RFSDW
file:///s:/Pentaho/LocalFileRepository/BusinessHub/Budets_OneTimeUpdate.ktr,MSSQL_RFSDW
file:///s:/Pentaho/LocalFileRepository/BusinessHub/CalculateClosingBalances_per_GL_and_FCC.ktr,MSSQL_RFSDW
file:///s:/Pentaho/LocalFileRepository/BusinessHub/Check%20CoA.ktr,MSSQL_RFSDW
file:///s:/Pentaho/LocalFileRepository/BusinessHub/ExpenseAnalyst_LinkToFCC.ktr,MSSQL_RFSDW
file:///s:/Pentaho/LocalFileRepository/BusinessHub/Extract_PIs_For_Izzy.ktr,MSSQL_RFSDW
file:///s:/Pentaho/LocalFileRepository/BusinessHub/FIX_200_00_00_Upload_JEs_into_SF.ktr,MSSQL_RFSDW
file:///s:/Pentaho/LocalFileRepository/BusinessHub/FIX_JEs_10_CreateListOfPeriods.ktr,MSSQL_RFSDW
file:///s:/Pentaho/LocalFileRepository/BusinessHub/FIX_Transactions.ktr,MSSQL_RFSDW
file:///s:/Pentaho/LocalFileRepository/BusinessHub/FixAmounts.ktr,MSSQL_RFSDW
file:///s:/Pentaho/LocalFileRepository/BusinessHub/GBD_Table51_FindDuplicates.ktr,MSSQL_RFSDW
file:///s:/Pentaho/LocalFileRepository/BusinessHub/GL_Missing_In_Master.ktr,MSSQL_RFSDW
file:///s:/Pentaho/LocalFileRepository/BusinessHub/GMD_Test.ktr,MSSQL_RFSDW
file:///s:/Pentaho/LocalFileRepository/BusinessHub/KOK5.ktr,MSSQL_RFSDW
file:///s:/Pentaho/LocalFileRepository/BusinessHub/Licenses_Activate.ktr,MSSQL_RFSDW
file:///s:/Pentaho/LocalFileRepository/BusinessHub/OverheadRates_Test_GrantMaster_IDC.ktr,MSSQL_RFSDW
file:///s:/Pentaho/LocalFileRepository/BusinessHub/PnL_Assignment_Correction.ktr,MSSQL_RFSDW
file:///s:/Pentaho/LocalFileRepository/BusinessHub/PrepareTransferBalances.ktr,PSQL_RFSDW
file:///s:/Pentaho/LocalFileRepository/BusinessHub/RFIS_TransactionDescription.ktr,MSSQL_RFSDW
file:///s:/Pentaho/LocalFileRepository/BusinessHub/RFIS_TransactionDescription_Upsert_SF.ktr,MSSQL_RFSDW
file:///s:/Pentaho/LocalFileRepository/BusinessHub/RFIS_UploadManualList.ktr,MSSQL_RFSDW
file:///s:/Pentaho/LocalFileRepository/BusinessHub/RFIS_glposting.ktr,MSSQL_RFSDW
file:///s:/Pentaho/LocalFileRepository/BusinessHub/SADB_MissingDelegates.ktr,MSSQL_RFSDW
file:///s:/Pentaho/LocalFileRepository/BusinessHub/SF_FCC_Update_ExpenseAnalysts.ktr,MSSQL_RFSDW
file:///s:/Pentaho/LocalFileRepository/BusinessHub/SF_Transactions_Delete_V1.ktr,MSSQL_RFSDW
file:///s:/Pentaho/LocalFileRepository/BusinessHub/SF_Transactions_Delete_V2.ktr,MSSQL_RFSDW
file:///s:/Pentaho/LocalFileRepository/BusinessHub/SF_Transactions_Delete_V3.ktr,MSSQL_RFSDW
file:///s:/Pentaho/LocalFileRepository/BusinessHub/SF_Transactions_Delete_V4.ktr,MSSQL_RFSDW
file:///s:/Pentaho/LocalFileRepository/BusinessHub/Salaries_CombinedMasterList_FCC.ktr,MSSQL_RFSDW
file:///s:/Pentaho/LocalFileRepository/BusinessHub/Salaries_FindRecordsMissingLocally_2.ktr,MSSQL_RFSDW
file:///s:/Pentaho/LocalFileRepository/BusinessHub/Salaries_FindRecordsThatAreMissingLocally.ktr,MSSQL_RFSDW
file:///s:/Pentaho/LocalFileRepository/BusinessHub/SponsorTest.ktr,MSSQL_RFSDW
file:///s:/Pentaho/LocalFileRepository/BusinessHub/SponsoredClass_UploadManualList.ktr,MSSQL_RFSDW
file:///s:/Pentaho/LocalFileRepository/BusinessHub/TEST_If_Then_Elseif.ktr,MSSQL_RFSDW
file:///s:/Pentaho/LocalFileRepository/BusinessHub/TransactionName_32characters.ktr,MSSQL_RFSDW
file:///s:/Pentaho/LocalFileRepository/BusinessHub/TransactionNames_New.ktr,MSSQL_RFSDW
file:///s:/Pentaho/LocalFileRepository/BusinessHub/Transactions_Change_Overhead_to_OrganizationalCosts.ktr,MSSQL_RFSDW
file:///s:/Pentaho/LocalFileRepository/BusinessHub/Transactions_Fix_Missing_Vendor_Names.ktr,MSSQL_RFSDW
file:///s:/Pentaho/LocalFileRepository/BusinessHub/TransferJEs.ktr,MSSQL_RFSDW
file:///s:/Pentaho/LocalFileRepository/BusinessHub/Transfer_RFIS_Chargeback.ktr,MSSQL_RFSDW
file:///s:/Pentaho/LocalFileRepository/BusinessHub/Transfer_RFIS_Chargeback_OneByOne.ktr,MSSQL_RFSDW
file:///s:/Pentaho/LocalFileRepository/BusinessHub/Transfer_Transactions_From_SF_to_local.ktr,MSSQL_RFSDW
file:///s:/Pentaho/LocalFileRepository/BusinessHub/Transformation%20650_00_00_Contact_User_AD.ktr,MSSQL_RFSDW
file:///s:/Pentaho/LocalFileRepository/BusinessHub/Transformation_LookForMissing.ktr,PSQL_BusinessHub
file:///s:/Pentaho/LocalFileRepository/BusinessHub/UHN_SIMS_Charges__c.ktr,MSSQL_RFSDW
file:///s:/Pentaho/LocalFileRepository/BusinessHub/Unique_GL.ktr,MSSQL_RFSDW
file:///s:/Pentaho/LocalFileRepository/BusinessHub/VIP_Dev.ktr,MSSQL_RFSDW
file:///s:/Pentaho/LocalFileRepository/BusinessHub/VIP_Dev_2.ktr,MSSQL_RFSDW
file:///s:/Pentaho/LocalFileRepository/Salesforce_Backup/2000_100_000_Separate_FCCs_and_GLAccounts_20220427.ktr,MSSQL_RFSDW
file:///s:/Pentaho/LocalFileRepository/Salesforce_Backup/Account__Backup.ktr,MSSQL_RFSDW
file:///s:/Pentaho/LocalFileRepository/Salesforce_Backup/Case__Backup.ktr,MSSQL_RFSDW
file:///s:/Pentaho/LocalFileRepository/Salesforce_Backup/Contact__Backup.ktr,MSSQL_RFSDW
file:///s:/Pentaho/LocalFileRepository/Salesforce_Backup/Profile__Backup.ktr,MSSQL_RFSDW
file:///s:/Pentaho/LocalFileRepository/Salesforce_Backup/RecordType__Backup.ktr,MSSQL_RFSDW
file:///s:/Pentaho/LocalFileRepository/Salesforce_Backup/Transformation%201.ktr,MSSQL_RFSDW
file:///s:/Pentaho/LocalFileRepository/Salesforce_Backup/UHN_Delegate__c__Backup.ktr,MSSQL_RFSDW
file:///s:/Pentaho/LocalFileRepository/Salesforce_Backup/UHN_FCC__c__Backup.ktr,MSSQL_RFSDW
file:///s:/Pentaho/LocalFileRepository/Salesforce_Backup/UHN_Grant_Budget_Detail__c__Backup.ktr,MSSQL_RFSDW
file:///s:/Pentaho/LocalFileRepository/Salesforce_Backup/UHN_Journal_Entry__c__Backup.ktr,MSSQL_RFSDW
file:///s:/Pentaho/LocalFileRepository/Salesforce_Backup/UHN_SIMS_Charges__c__Backup.ktr,MSSQL_RFSDW
file:///s:/Pentaho/LocalFileRepository/Salesforce_Backup/UHN_Salary__c__Backup.ktr,MSSQL_RFSDW
file:///s:/Pentaho/LocalFileRepository/Salesforce_Backup/UserRole__Backup.ktr,MSSQL_RFSDW
file:///s:/Pentaho/LocalFileRepository/Salesforce_Backup/User__Backup.ktr,MSSQL_RFSDW
